20W340155|$10,511.39
19U430038|$26,837.95
19U410018|$1,452.09
19U410173|$5,964.85
19U410063|$1,396.09
19U430083|$1,396.09
19V620074|$145.26
19V620117|$1,478.25
19V620096|$318.39
19V620106|$189.88
19V620205|$3,357.87
19V620052|$8,871.71
19V630017|$34,296.69
19V620151|$213.10
19V620063|$8,583.67
19V610206|$2,975.31
19V610064|$18,253.20
19V640050|$3,769.41
20W620095|$8,547.27
20W640024|$8,343.80
19W420026|$5,533.43
20W640033|$8,438.38
20W640042|$8,561.51
21R520171|$9,904.55
22T520363|$8,786.35
22T211809|$26,668.65
21R540779|$588.18
22U340362|$19,109.83
22U540452|$10,428.25
22U540461|$9,057.31
22U410221|$15,859.38
23V541112|$12,715.65
21R130323|$9,848.70
22R320282|$11,909.62
22Q410207|$12,697.96
21T620110|$3,874.70
21S130445|$8,144.93
21S130490|$8,144.93
21Q440458|$24,625.42
16Q240647|$4,190.72
16R220271|$1,293.66
20R340240|$6,591.08
20R520659|$16,554.85
17R140125|$19,055.88
20R111019|$9,393.11
18S631625|$11,874.65
18S631483|$16,400.17
19S210568|$19,527.47
20S410506|$22,328.16
17R510243|$10,272.51
19S410571|$10,605.38
16Q540112|$10,489.59
16Q311862|$5,113.11
21R640576|$39,382.51
25S120725|$6,091.06
23Q330731|$4,409.43
24Q210335|$12,551.39
24Q330547|$10,986.54
24Q121464|$8,703.71
24R130962|$14,685.76
24T330423|$206.69
23Q620096|$15,659.41
23R540456|$5,078.44
23S140370|$11,795.57
23R230715|$11,873.03
23T410908|$166.58
23Q330236|$9,386.06
23T510916|$135.41
24S441188|$11,690.62
27T441058|$5,233.19
24R530775|$7,340.26
24S620501|$10,028.39
27T440815|$1,011.96
26T120422|$8,946.14
24S220871|$14,438.78
26S630434|$8,072.42
25S220078|$3,593.71
25R640062|$13,603.58
24T330351|$536.58
24S230643|$40.48
24P410415|$15,397.19
25Q440041|$3,822.75
24Q420545|$14,401.02
25R330253|$83.81
25S240900|$4,455.10
25S240919|$2,903.17
25S220595|$326.28
29V330486|$27,703.68
30V210180|$1,278.97
29V210201|$5,544.39
28U520368|$1,717.94
28U520401|$1,579.45
29V210058|$9,713.02
29V140065|$121.26
29P131274|$479.72
29Q610730|$5,828.74
28P230543|$17,691.13
28P530522|$14,598.74
27Q620375|$158.42
27P420808|$10,408.10
27P420341|$10,361.72
27O520310|$751.54
29P420705|$11,540.42
09J240468|$7,426.76
08K610177|$5,009.46
07K210743|$9,013.23
08K340841|$301.01
06J130531|$5,760.17
08K340896|$301.01
05J220334|$5,558.03
08L440742|$9,720.19
07L140353|$12,267.82
08J241204|$8,908.22
08J130193|$5,658.13
06J410338|$6,846.12
06K340915|$11,687.21
05J211457|$10,581.51
08J241303|$6,468.17
07K630536|$4,901.27
08K341590|$76.79
05J120487|$9,585.44
05J111115|$13,612.33
09J520881|$6,016.35
06K340883|$10,933.74
05J120630|$5,759.19
09J330723|$4,168.52
07K421075|$9,287.44
09J230315|$5,456.42
07K540655|$6,230.54
06K430137|$6,603.61
08J540800|$36,296.93
07K540600|$13,710.59
06K440697|$10,098.09
07K340202|$5,160.39
06K210401|$9,218.08
06K521778|$3,961.97
05J411273|$130.17
06K440873|$4,886.48
06K631174|$12,362.86
07L240068|$10,539.58
07K340125|$5,722.64
06K240695|$2,794.99
06K120124|$11,813.02
06K240723|$2,794.99
06K320269|$9,042.79
06K210687|$6,663.97
06K320687|$5,875.21
07K230822|$9,868.53
06K540973|$1,839.56
06K610889|$3,027.12
05K220498|$8,050.24
06K540812|$8,016.80
06K140111|$9,347.47
10J441203|$1,176.53
06K540049|$9,320.55
06K111072|$8,206.29
06K111083|$8,973.57
06J131301|$6,645.96
06J131235|$9,324.70
08K320656|$9,959.60
06K410162|$2,910.21
05K311237|$222.30
08J410835|$8,337.57
06K421216|$9,433.39
07K331347|$5,774.22
06J510263|$1,220.19
06J510252|$2,727.27
06J531130|$7,726.58
06J520954|$16,634.67
05K620227|$11,129.92
08J411407|$13,750.86
06J540260|$7,455.17
08K620648|$62,254.52
05J231554|$9,461.03
05J220390|$4,659.30
06J630723|$6,393.57
07K130942|$12,003.12
07K521504|$124.39
07J530679|$9,820.90
07J420471|$6,138.88
06J211623|$1,920.86
06J210084|$5,919.53
07J440921|$9,342.25
08J410736|$174.44
08J141281|$5,157.54
08J411418|$47.93
06L320312|$8,616.30
06J630350|$4,293.64
06J630361|$5,811.24
06L320334|$4,251.00
07K230181|$5,408.24
07K410305|$10,711.08
08K541691|$4,195.09
08K541558|$5,459.34
07K310711|$3,053.97
08K521417|$4,080.11
07K530524|$7,681.69
07K340923|$4,816.20
08K230731|$20.40
09J210472|$4,969.32
07K220072|$4,452.14
06J111150|$8,298.78
06J140420|$10,040.59
07L210812|$9,848.55
07G230175|$2,555.59
09J620772|$7,097.24
09H410334|$5,019.19
09H430288|$4,282.25
09H130054|$7,316.32
09H120312|$8,548.38
09F540345|$7,351.61
09H420157|$4,155.61
09G540960|$1,815.33
09G540982|$1,812.11
09G530400|$10,847.74
09G420345|$13,294.33
08G320080|$11,990.04
09H620830|$6,623.72
08F531324|$1,862.50
08F410193|$8,864.50
08G230055|$6,691.21
08F530576|$7,690.19
08F530741|$10,569.62
08G230312|$3,114.41
08G230132|$4,867.41
08F530356|$2,159.18
08G330672|$10,019.99
08G510083|$11,380.27
07F510302|$6,089.17
08G640511|$1,183.02
08G640267|$10,973.05
08G530245|$6,777.22
08H340472|$6,856.74
07G220385|$16,057.52
06F310255|$7,228.66
09J641407|$8,703.65
09H440056|$6,030.32
07G230142|$4,129.92
07G230331|$4,045.58
07G210090|$8,720.85
07F410026|$2,115.32
07H220221|$8,138.08
07F410048|$1,391.10
08J631144|$8,874.19
08J220601|$7,109.57
09J341338|$6,449.12
09H510094|$5,396.97
06F110211|$99.83
07J240602|$1,863.09
09H530421|$9,890.87
09J341130|$4,313.78
07J521462|$31,711.44
09H130845|$3,955.55
06H130765|$6,315.83
09H211487|$1,697.27
08J631364|$9,177.17
09H220595|$2,151.83
09H221772|$784.55
07J310097|$9,140.20
07H210055|$5,749.69
09H530322|$9,373.41
09H221101|$2,207.86
09H210530|$3,332.69
07H120671|$7,011.43
07H110827|$8,651.70
07H130131|$7,483.05
09J610234|$4,084.47
08G340363|$3,135.15
10H630033|$120.49
07J630845|$5,957.75
06J310579|$9,606.98
07H230891|$4,452.20
07H520024|$10,062.61
07J610331|$6,232.51
07J611277|$5,896.96
09H540376|$8,324.05
08J340930|$8,724.81
07J620033|$8,630.51
07J320018|$5,972.46
07H430176|$9,446.42
06H130161|$5,577.04
09H431047|$6,050.47
08G210622|$7,336.95
07H320211|$13,650.93
08G140185|$5,191.14
09H530663|$5,693.01
07H240324|$11,189.01
06J620043|$2,478.29
07H220681|$160.12
07H610192|$7,451.61
09H621062|$1,115.35
09H621028|$1,243.45
08H340542|$9,700.11
09H621051|$621.01
09H640850|$153.04
09G540223|$8,131.08
08G130771|$7,677.58
09H531071|$8,856.34
07G120616|$2,415.72
08G120374|$9,759.68
09G440255|$6,140.64
09G420488|$12,112.03
07G120054|$12,705.64
09G510314|$10,895.04
08G120523|$13,640.15
09G510402|$11,475.72
08G230110|$12,050.68
07G240718|$2,312.53
07G240361|$3,467.87
07G240736|$3,847.32
07G240790|$3,776.40
09G610623|$6,460.26
07G240781|$3,776.40
07G230313|$2,342.96
08G520653|$36,276.81
07G230186|$2,460.10
08G310311|$4,763.70
07G340032|$13,271.15
09G640323|$10,621.84
08G310971|$9,274.32
08F431181|$1,100.29
07F140222|$7,534.36
09J630452|$9,042.80
07F530575|$11,275.18
08F631491|$3,840.08
08F631512|$3,899.95
08F520236|$9,709.44
08F631534|$3,846.41
08F630292|$4,677.52
08F630302|$4,797.63
08G520280|$815.97
08F631985|$5,093.55
08F610524|$8,439.76
07F610149|$14,598.14
08G240616|$8,192.22
08G240607|$42,621.81
07G230197|$2,607.02
03H210123|$9,439.83
04J310500|$20,122.33
06G131561|$3,756.75
06G630541|$7,644.25
06G630596|$8,773.61
06G330771|$1,589.50
05G320065|$28,088.72
05H121122|$8,466.54
05H120123|$11,631.84
05H430772|$9,046.28
04H520395|$500.13
04G510122|$20,941.11
03K330045|$8,289.21
06G220744|$15,287.34
03H410097|$25,052.26
07H631603|$9,717.14
03J220101|$24,771.76
07H631432|$5,163.25
04H420196|$126.75
04H510275|$5,407.29
04J240353|$10,641.85
06H540322|$8,787.64
07H641080|$14,304.16
05H240292|$19,614.07
05H140529|$5,386.95
05H230444|$10,526.53
04H210306|$19,536.14
06G131644|$4,502.49
06G130883|$5,707.47
05H330113|$16,146.90
05H440764|$14,968.97
05G120184|$4,097.28
05G330011|$6,785.23
06G240140|$18,872.68
06G210891|$15,201.67
06G620179|$14,567.29
06G620201|$13,694.14
05H230848|$17,711.92
05J621241|$11,044.61
22V430040|$673.59
24X440023|$15,806.76
23X120070|$12,726.04
26V621602|$1,412.50
26U410300|$4,571.82
26V341450|$9,235.38
26U410311|$1,062.15
24U240260|$18,094.34
24V530331|$8,984.47
24V530175|$3,245.09
24V530098|$8,256.79
09K510078|$8,884.10
09M520558|$8,196.23
09K510814|$583.73
09M220083|$4,971.14
09M510384|$6,241.10
09M140631|$7,556.59
09M220061|$7,358.17
10L541718|$1,932.14
09L430063|$2,271.77
09M640667|$1,486.05
09M510559|$4,274.77
10L540452|$2,840.64
10L540140|$2,618.34
09K430262|$6,043.98
09M520789|$6,649.81
09N630195|$112,476.29
08N320202|$58,538.95
08L210314|$7,157.61
10J420077|$3,254.54
10J410210|$5,950.87
10J410892|$6,122.03
10J411057|$4,407.41
10J440053|$3,758.62
10K440074|$62.48
09M340103|$27,816.89
09K611696|$2,215.29
09K420229|$3,071.31
08L331062|$662.75
09K616064|$3,290.13
09K510869|$2,092.84
09K520417|$10,476.77
09K520406|$1,699.80
09K611322|$2,216.42
09K610419|$2,642.24
09K615304|$2,202.58
09K610398|$1,897.24
08K140102|$7,671.34
09K613533|$2,750.96
09K613610|$2,185.68
08L341072|$11,782.46
09K612147|$1,294.99
09K612895|$1,829.04
09K616855|$3,894.49
09K616602|$1,448.80
09K616921|$1,253.27
09K616536|$3,290.13
08K141235|$9,776.78
09K610309|$2,202.58
09K322659|$2,850.75
09K322682|$2,846.75
09K323616|$5,327.96
08L120103|$8,284.84
13M131382|$15,113.63
13N520101|$2,845.34
13N510023|$11,571.01
13N440517|$10,612.24
12N131032|$12,985.69
13O620642|$11,735.76
13N210251|$9,685.80
12O330317|$6,288.68
12O330353|$3,315.66
13P320325|$9,153.40
12O510285|$7,142.76
13N120480|$6,854.04
14O240775|$12,538.19
14O420560|$12,310.21
13O420141|$11,353.41
12O510212|$11,396.06
12O510661|$3,771.63
12O330803|$7,850.94
12O120372|$13,787.63
13O640983|$6,804.30
14O310593|$749.17
12N120656|$11,415.26
13N540305|$11,282.40
11M310592|$53,297.14
12N330040|$7,338.99
12N330509|$16,624.97
12N610474|$3,421.37
12N520780|$11,932.21
11M420680|$10,763.88
11N110061|$12,819.47
11N440182|$240,373.18
09O330180|$31,543.14
13N634932|$20.40
12N310626|$4,847.68
11N330151|$12,418.98
12N640011|$14,634.36
11M130125|$8,113.98
11N530728|$4,147.22
28Q230151|$134.75
28Z610068|$5,681.03
26Y410120|$18,898.20
28Y620068|$6,590.30
31W430034|$17,203.63
13L510883|$272.11
12L230481|$10,608.07
13L420782|$8,023.31
14L430962|$41.34
12L110361|$7,620.13
14M540132|$8,181.99
13M630254|$4,472.82
12M310670|$6,027.47
12L440031|$20.40
13M510145|$191.95
13M510321|$4,045.43
13M511069|$128.64
13M120052|$7,725.35
14M640166|$8,831.91
14L430573|$8,694.96
14L530398|$2,205.06
13L211375|$80.84
13L211320|$1,117.36
13L130324|$5,331.61
13L211201|$295.12
13L140738|$8,789.14
13M520870|$2,138.93
13L420421|$7,822.60
13L240470|$1,280.75
13L240425|$2,522.02
13L240535|$4,971.35
13L520112|$2,270.73
13L421596|$1,909.87
12L211541|$5,502.80
12L110196|$7,359.40
12L110251|$6,916.76
12L210384|$7,821.84
12L221890|$3,709.48
12L222077|$972.33
12L222066|$972.33
12L110781|$4,900.54
12M340022|$3,417.51
12L221351|$2,869.18
12L421155|$4,271.42
13L241042|$17,438.81
25P420471|$14,242.93
26Q441184|$5,184.65
24P210471|$5,691.55
25P120986|$12,306.44
25Q242072|$280.55
25Q242225|$5,332.55
25Q241822|$8,633.39
25Q242160|$125.39
25P210012|$1,925.11
26P540873|$4,705.11
25Q241473|$241.92
26P541625|$535.53
26P541263|$2,912.44
25P220084|$5,549.26
19J230381|$69,130.06
18K621703|$1,175.63
19J111118|$13,890.17
14M340727|$8,850.78
14M330384|$5,462.37
14M330010|$4,713.33
15M610995|$192.28
15M330615|$6,420.45
14M330032|$5,365.26
14M221413|$112.24
14M520013|$3,769.33
14M221044|$6,474.96
15M240064|$6,733.72
14M221055|$2,665.84
16J440026|$2,500.85
16K430488|$6,207.32
16J441500|$4,160.24
15J120068|$4,542.56
15L230321|$6,589.56
15K340122|$5,623.18
15M520070|$3,141.19
15K340311|$6,216.38
15M520157|$7,276.67
15K240495|$11,841.15
15L141322|$5,113.55
15J130201|$5,829.45
15J130504|$4,207.29
15L520367|$4,470.51
15L510797|$3,694.05
15L520477|$6,607.77
15K610205|$2,772.96
15L510913|$5,088.13
15L611140|$7,875.61
15M530079|$9,192.35
15L620302|$5,108.62
15J410710|$3,530.94
15J410402|$2,986.65
15L630697|$8,519.82
15K640015|$294.83
15K630302|$2,555.93
15L541366|$6,167.83
14L220099|$5,183.00
15K540421|$6,334.90
14L320155|$13,925.17
14L321222|$21,330.53
15J420489|$5,771.87
15J441675|$5,145.88
15J420687|$3,185.94
15J440124|$3,362.67
15J430444|$3,387.44
14L340087|$4,389.96
14M140480|$6,301.68
14L330561|$4,595.15
15J440366|$4,341.76
15J440355|$3,593.78
14L230203|$5,056.26
15J430703|$2,645.09
15J440872|$3,464.24
14L230384|$5,625.68
14M230262|$6,939.23
15J441048|$2,836.93
14L240372|$4,375.64
15J441602|$4,067.99
14L240635|$5,430.96
14J120221|$2,650.48
14M340075|$8,888.04
14L231044|$5,740.27
14J120353|$4,850.75
14J120331|$7,554.88
14J120562|$1,818.82
14J120584|$897.35
14M340581|$13,276.20
14J120650|$3,556.79
14J120816|$1,572.14
14K240533|$6,917.88
14J121222|$1,559.77
14K330908|$258.14
14K240726|$9,517.01
14K240762|$5,786.21
14K331512|$268.94
14K611612|$683.51
14K611678|$6,444.97
14K131165|$6,293.71
14L511225|$3,613.72
14L521422|$2,914.73
14L521004|$3,197.78
14L610335|$3,982.81
14L611952|$48.62
14L520933|$767.23
14L620543|$6,623.47
14L610698|$1,442.56
14L611084|$6,661.36
14L540100|$5,261.49
14L630058|$2,143.15
14L630443|$5,809.12
14L540474|$3,724.30
14L540962|$6,674.68
14L630993|$739.22
14L631060|$7,724.70
14L540935|$4,287.64
14L541167|$6,392.14
14L541145|$714.19
14L530842|$5,566.31
14L541907|$1,106.97
14L631071|$4,134.66
14L641179|$6,101.68
14L631994|$95.10
13L220111|$95.10
14K420832|$5,451.39
14K530951|$5,205.73
13K210144|$6,234.22
14K430651|$180.79
13K110716|$1,582.24
13K110936|$6,977.39
13K111144|$4,711.54
13K311553|$4,361.87
13L341241|$5,428.18
13L341230|$977.11
13K321134|$2,869.36
15K110741|$4,603.88
16J420314|$7,638.64
15J110740|$6,307.09
16J410535|$4,658.59
15J111158|$3,575.27
15J110951|$794.79
15J111170|$692.48
15J440795|$2,781.98
15J410556|$3,272.46
15J410039|$3,603.15
15J130331|$3,656.69
15J130522|$1,766.28
15J410424|$3,448.13
15J111466|$4,812.45
15J410798|$3,422.91
15J410831|$3,943.09
15J111004|$153.11
15J410699|$6,638.89
16J430412|$6,073.99
16J430434|$3,078.70
16K641039|$7,526.03
16K641204|$7,230.19
15K341013|$2,665.94
15K620293|$3,689.59
16K621174|$8,044.27
15J430873|$3,375.66
15K620314|$3,539.63
16K620942|$6,504.91
15K341112|$4,255.55
16K640951|$6,772.84
16K640702|$5,827.18
15K620457|$2,972.87
15K620259|$2,846.90
16K641116|$7,299.12
15K321345|$3,356.40
16K641040|$3,884.90
16K620953|$4,646.72
15K320850|$4,662.32
16K641381|$5,587.70
15K640060|$6,157.23
13K320201|$3,822.79
14K610842|$6,187.75
15K240099|$10,051.63
14K640696|$6,541.64
14K630356|$6,559.10
15K240606|$116.67
15K230034|$20,437.27
15K230861|$6,921.60
14K220311|$4,665.92
14K231421|$10,134.16
13K211365|$2,499.06
14K210332|$5,659.19
14K230918|$9,109.03
14K120396|$4,570.38
13K210122|$4,409.43
14K120734|$4,822.51
13K210733|$176.11
14K420603|$1,576.86
14L611149|$3,187.08
14K121232|$6,664.97
14K121243|$5,632.68
16K430060|$9,131.65
14K140204|$6,934.13
14K141607|$6,275.24
13K141075|$4,769.47
15K430025|$12,665.51
15K430713|$3,263.20
14K110852|$3,016.41
14K130771|$7,831.98
13K110862|$2,733.31
13L341142|$456.87
14L320531|$5,144.00
15L630301|$5,526.24
15L310191|$4,220.64
13L341542|$5,364.80
15L641312|$14,320.30
15L630158|$6,872.16
15L640092|$16,946.47
14L620312|$3,676.15
14L341000|$5,283.43
14L340845|$1,714.74
15L630060|$19,811.64
15L630367|$6,544.18
15L610105|$5,141.61
13L331473|$142.99
13L331231|$293.51
15L310597|$5,686.68
13L331413|$225.62
13L331404|$5,455.67
15L630686|$5,328.22
15L240065|$5,064.53
16L540814|$1,751.86
14L520388|$5,285.52
14L210403|$5,081.87
14L520511|$6,382.20
15L530201|$6,710.85
14L510334|$5,154.82
15L531158|$22,305.56
14L230322|$5,563.47
14L420123|$8,269.10
20J641101|$45,785.43
20J611124|$20.38
20J410321|$12,805.04
20J131150|$11,861.90
20J130959|$12,551.54
20J130766|$14,171.99
20J320671|$22,002.57
20J111460|$9,494.74
20J320406|$7,369.68
20J310362|$14,927.63
20K620231|$22,298.11
20K531076|$14,588.78
20J331323|$15,851.36
20J331314|$16,743.90
20J120792|$11,254.93
20J140877|$8,239.93
20J131912|$264.01
20J130335|$11,391.34
20J112373|$6,166.59
20J131545|$4,826.76
22J420298|$3,636.83
23K631146|$664.60
24K330954|$324.01
21L330183|$7,466.62
22K411178|$9,522.69
21L240932|$9,203.42
22K440882|$5,038.26
22L320910|$11,630.74
25L540562|$11,541.26
24K111166|$17,692.77
22K411585|$8,027.41
22L620962|$6,252.76
22L621794|$110.16
22L620320|$1,174.63
22L340408|$12,363.99
21L340445|$129.43
21L320306|$20.40
22L621387|$5,344.94
23L330570|$20,972.34
22L311541|$10,023.17
22J120680|$24,944.86
24L240553|$36,893.78
23K540374|$16,970.30
22L520505|$11,142.73
22L520734|$12,135.87
22L520808|$332.56
22K420660|$6,058.92
24K630311|$14,231.99
22K630971|$15,748.84
22K630210|$26,226.43
23J440633|$12,964.86
22J131965|$40.40
22K440112|$5,824.15
22K430423|$8,266.09
22K341790|$11,239.29
22K640431|$11,894.96
25L640288|$27,485.92
23K111044|$47,125.80
24L510025|$28,941.49
22L521001|$12,717.45
15G121140|$4,337.68
15G121360|$1,026.85
15G121351|$3,048.75
15G140372|$4,756.73
15G230381|$78,096.72
15G420241|$3,385.95
15G420351|$3,031.34
15G510614|$3,609.96
15G510650|$4,385.09
15G230013|$7,878.80
15G230022|$2,027.06
15G511222|$2,151.17
15G530483|$1,712.50
15G530551|$70.89
15G540112|$1,308.44
15G120307|$3,823.33
15G120381|$3,298.75
15G120114|$3,962.80
15G120572|$3,024.05
15G120132|$2,634.73
15G141380|$3,079.91
15G141427|$2,888.93
15G121393|$3,525.91
15G141225|$2,969.03
15G121443|$2,735.51
15G510724|$5,955.91
15G140235|$5,900.01
15G510320|$2,325.66
15G510023|$3,382.82
15G140602|$2,308.56
15G121283|$2,938.96
15G120518|$11,868.23
15G510342|$3,358.70
15G122064|$109,299.76
15G120293|$8,927.28
15G120361|$4,476.21
15G120392|$8,927.28
15G111727|$36,496.56
15G540053|$3,424.70
16G430681|$2,630.76
13H130200|$5,068.28
16G430854|$55.81
13H410021|$4,059.99
13H430171|$5,739.31
13H420958|$6,755.17
13H420976|$8,372.95
13H420930|$4,542.08
13H420893|$12,789.39
13H420619|$1,997.53
13H410393|$10,450.58
16H521881|$2,948.02
16H540516|$8,405.95
16H620133|$2,765.99
16H540754|$2,308.10
16H620177|$947.27
16H540718|$2,802.69
16H540901|$2,288.10
16H541164|$2,578.73
16H541120|$2,312.08
16H611069|$2,558.32
16H540992|$1,749.87
16H542321|$3,504.88
16H540800|$5,888.07
16H541043|$2,300.91
16H540873|$4,447.52
16H630743|$5,592.36
16H541087|$2,598.73
16H541708|$2,985.27
16H541515|$4,130.19
16H541762|$3,227.40
16H621145|$1,461.10
16H630871|$3,588.79
16H621851|$6,388.45
16H541946|$2,901.62
16H541340|$4,053.55
16H541854|$3,234.42
16H621442|$4,002.06
16H541890|$4,494.79
16H620953|$4,676.13
16H621299|$3,318.41
16H631023|$3,177.06
16H542352|$2,211.43
16H631089|$1,909.85
16H541881|$1,866.43
16H620917|$3,576.65
16H631122|$3,555.14
15H220141|$3,234.41
16H631144|$6,694.68
16H631166|$2,913.47
16H631221|$5,345.63
16H621842|$1,643.64
16H642012|$2,751.68
15H220392|$5,369.01
16H640111|$2,629.16
16H621255|$264.13
16H621354|$354.59
16H640818|$2,903.98
16H542297|$5,218.48
16H542312|$6,340.30
16H640735|$485.33
15H220183|$1,114.61
16G410852|$2,173.35
16H640937|$2,493.29
15J310380|$6,808.86
15H210113|$2,568.95
16G410540|$1,554.62
15J340046|$6,824.24
15H210223|$5,421.04
16G431264|$1,980.81
16H542303|$3,187.74
16G431550|$3,280.33
16H641770|$2,943.67
16G432210|$19,497.60
15J540664|$10,514.98
15H230261|$2,928.01
15H210416|$4,541.14
15H210333|$1,872.21
15H210856|$3,516.48
15H210492|$3,210.90
16G430241|$6,399.67
15H221306|$3,828.13
14J121981|$4,441.51
15H230193|$7,071.40
14J211192|$3,706.64
15J630811|$2,567.08
14J121943|$4,388.36
14J121453|$3,202.59
14J211356|$3,458.24
16G430153|$7,159.00
14J141321|$3,064.50
15H311164|$3,969.65
15H221517|$4,042.67
14J310224|$11,114.31
14J320102|$6,342.80
14J320377|$7,927.99
14J230504|$3,051.76
14J230573|$3,331.77
15H330381|$2,523.60
16G430203|$3,152.60
15H510077|$6,525.24
15H330491|$3,984.90
14J232542|$4,346.30
14J231464|$327.55
14J141011|$3,952.18
14J410159|$4,671.97
15H510330|$2,185.78
15H310819|$3,618.71
15H521572|$3,592.59
16H641792|$4,033.56
15H320104|$4,741.92
15H320535|$3,984.86
15H311634|$3,416.82
15H311726|$3,063.73
15G110571|$5,209.96
15H321185|$3,106.95
15H321415|$3,977.21
14J420345|$5,251.57
15G110829|$4,529.87
15H610421|$3,881.79
15H521550|$2,903.80
15H520753|$3,552.85
15H521606|$1,999.81
15H321042|$3,551.33
15H331874|$3,793.62
15H521202|$3,286.34
15H521422|$1,769.10
15H521743|$3,453.47
15H521055|$3,699.33
15H521505|$1,100.29
15H521792|$4,796.09
15H321561|$3,615.86
15H331764|$3,734.98
15H321644|$3,576.32
15H321727|$4,955.97
15H521633|$3,132.14
15H521853|$3,941.43
15G110939|$4,235.61
16G430322|$3,784.33
15H530947|$6,689.91
15H340160|$4,151.04
15H340555|$3,993.47
15H340050|$2,784.43
15H340335|$5,553.66
15G110580|$27,828.48
15H340519|$4,508.45
15G111635|$3,591.94
14J431712|$2,113.36
15G130326|$4,791.29
15H340995|$2,382.00
15G130380|$4,715.57
15H341095|$1,874.35
15G111837|$4,849.05
15H341172|$3,016.89
15G130821|$3,276.23
15G111846|$6,001.28
15H611002|$108.11
15H611622|$3,919.78
15H620011|$4,264.46
15H620211|$5,536.06
15H620066|$2,790.11
15H620187|$3,980.80
15H611057|$4,601.77
15H620385|$2,516.61
15G131637|$2,596.32
15H620413|$3,986.48
15G131875|$2,104.76
15H611211|$2,623.69
15G131820|$3,373.74
15H611301|$3,926.01
15G410099|$1,346.07
15H620572|$3,510.11
15G121993|$7,123.85
15H620792|$4,068.23
14J530312|$2,921.37
14J530356|$3,166.93
15H620880|$6,247.98
15H621771|$4,043.82
15H621605|$4,424.51
14J530390|$133.91
14H130218|$3,432.26
15H621111|$4,505.41
15H621177|$5,140.46
15H621661|$2,931.42
14J521095|$699.94
15H640361|$3,423.02
15H640507|$5,244.16
15H640727|$3,126.01
15H641120|$5,063.79
15G130775|$3,512.62
15G132030|$4,851.14
14J530510|$6,398.44
15G140767|$1,157.85
14J530813|$2,705.75
15G141436|$2,330.39
14J531083|$4,281.22
14J541400|$3,237.12
15G141317|$2,552.87
15G142307|$2,174.26
15G141858|$4,151.14
15G141629|$4,008.29
15G420021|$1,610.50
13J210387|$3,955.12
15G142141|$4,005.72
15G420054|$3,483.11
15G430626|$7,305.04
15G410743|$4,760.28
15H631286|$5,266.59
15G420098|$241.60
15G142242|$5,413.82
15G420120|$3,454.85
15G420827|$2,822.36
15G411421|$2,621.62
15G411166|$2,215.86
15G411397|$3,030.29
15G420384|$3,194.63
15G420461|$2,763.58
15H631231|$5,407.41
15G421321|$3,223.03
15G510397|$2,763.91
15G411793|$5,865.31
15G411852|$1,972.43
15H631505|$1,579.50
16G430616|$1,262.25
15G422089|$3,926.93
15G422133|$3,239.27
15G440283|$3,131.33
15G440526|$4,560.50
15G442506|$1,861.18
15G440562|$1,930.20
15G440140|$2,076.46
15G440663|$387.08
15J340684|$12,202.79
15G431533|$9,108.73
15G441185|$3,432.74
15G440737|$2,816.08
15G440993|$4,146.52
15G441042|$949.22
15G530263|$5,053.49
15G432101|$4,073.38
14G122261|$5,038.71
15G530405|$5,433.15
15G441837|$3,022.49
14H321250|$5,363.89
15G530643|$1,929.96
14H331095|$20.40
14G110921|$1,079.20
15G531286|$3,204.52
15G531624|$3,680.45
15G531312|$2,884.24
14G111883|$2,685.16
14G121172|$5,186.33
14G121251|$5,278.66
14G130262|$7,770.42
14G121637|$4,197.67
14G121729|$4,323.93
14G122041|$6,152.55
14G130482|$6,004.92
14H340822|$5,105.29
14G130813|$4,761.69
14G121509|$4,440.37
14G122012|$4,327.79
14G210096|$7,620.62
14G130785|$4,043.58
15J340673|$391.29
13J630280|$3,333.68
13J640740|$3,594.09
13J630433|$4,359.44
13J630466|$6,000.95
14H510054|$9,810.24
14H540215|$3,380.51
13H210463|$3,474.31
13H220208|$3,235.94
13H210582|$5,248.52
13H210867|$2,071.15
13H230281|$6,034.14
13H230328|$3,978.39
13H230474|$4,522.51
13H510086|$3,648.78
13H511304|$4,308.59
13H511296|$4,541.17
15G110173|$4,974.90
16G431716|$4,756.17
15G110306|$3,784.97
16H621101|$3,653.23
16G430111|$2,247.97
15G141812|$3,378.71
15G420533|$3,798.36
15G140914|$2,400.16
15G420762|$3,455.20
16H621277|$313.85
15G110764|$5,654.81
15G112175|$9,872.84
15G111284|$8,568.99
15G110351|$3,523.44
16H640762|$2,864.34
15G111828|$13,059.66
16H640652|$3,454.63
15G111372|$10,741.75
15G111415|$13,953.16
16H620232|$919.32
16H620276|$6,362.31
16H620302|$3,118.59
15G112010|$7,657.84
16H621907|$2,645.29
16H621893|$54.40
16H620403|$54.40
16H620430|$10,218.97
15G110272|$1,136.61
16H611520|$8,501.84
15H320782|$5,013.11
16H611070|$3,053.01
16H610046|$186.06
15H320993|$4,026.02
16H641330|$1,220.70
16H610842|$8,988.81
16H611180|$2,666.98
16H610178|$10,021.16
16H641981|$4,829.04
15H341600|$14,616.56
16H611410|$95.45
15H340711|$4,871.57
16H641523|$1,199.06
15H320214|$4,723.48
16H521672|$1,428.38
16H521276|$4,571.20
16H521067|$2,768.24
15H321174|$3,344.86
16H522178|$3,667.19
16H521944|$2,601.08
15H310718|$3,881.98
16H521980|$3,526.95
15H310231|$4,330.89
15H310332|$4,232.43
16H522035|$1,583.10
16H521650|$2,635.05
16H521870|$3,540.07
16H521089|$3,816.60
16H540295|$2,060.10
16H540305|$2,723.93
15G440609|$4,709.10
15G440957|$2,767.56
16H540415|$2,499.16
15G430745|$3,664.02
14G211383|$1,999.75
16H540231|$1,008.38
16H540471|$3,527.65
16H540284|$680.46
16H540525|$6,699.22
16H540543|$3,750.09
15G430525|$3,986.40
15G430011|$4,427.29
15G430800|$4,295.65
14G120500|$6,879.92
14G120490|$3,107.59
15G431241|$2,882.73
14G120564|$5,059.11
15H310273|$2,461.58
16H540680|$15,318.77
15G431076|$4,903.33
14G112543|$8,108.52
14G110343|$3,752.31
15H641494|$5,330.60
15H331041|$4,233.48
15H331173|$2,887.09
15H640042|$2,913.51
15H331562|$3,013.36
15H331636|$5,936.47
15H641142|$7,206.44
15H220260|$3,262.51
15H220334|$5,328.60
15H331591|$5,322.23
15H630197|$1,812.03
15H610496|$5,316.85
15H240491|$5,029.70
15H631781|$5,974.36
14H321755|$8,958.34
15H241610|$5,357.55
15H220691|$3,844.11
15H221645|$4,183.88
15H240262|$4,558.75
15H241326|$20.40
15H220408|$2,883.93
15H221737|$3,972.85
15H520241|$6,774.83
15H242073|$4,660.82
14G211516|$8,092.65
14H420407|$8,209.02
15H240583|$3,541.35
15H240923|$3,315.22
15H230014|$2,570.22
14G210232|$5,206.01
15H241193|$3,681.02
15H241629|$5,029.57
15H521693|$6,504.57
15H520717|$3,155.52
15H520087|$2,614.60
15H521817|$4,543.33
15H521909|$13,745.00
15H520809|$3,482.35
14G121527|$6,844.72
14G121563|$2,580.62
15H230317|$4,099.80
15H520450|$5,097.73
15H521066|$5,682.25
15H230674|$3,637.42
15H230711|$3,008.94
15H521198|$5,025.17
15H521211|$5,244.55
15H541097|$2,604.86
15H540195|$8,326.76
15H530570|$5,175.51
15H530196|$12,667.02
15H530772|$553.13
14H330739|$16,992.50
15H530790|$4,940.14
15H531065|$13,888.03
14H210701|$22,538.05
14H230813|$10,011.68
15J330333|$4,622.71
15J330630|$7,190.89
14H540123|$4,007.60
14J230276|$3,915.04
13H220914|$7,247.07
14H530975|$4,544.36
14H530874|$4,766.03
14H530681|$5,895.82
14H530838|$5,482.58
14J210366|$6,719.62
14H530764|$5,236.38
14J230111|$3,580.66
14J230133|$957.40
14J232630|$3,700.03
13H510570|$4,361.33
13H231262|$4,177.66
13H231134|$1,729.34
13H140229|$6,585.65
14H440647|$9,350.80
13H120081|$5,488.98
13H140687|$5,919.87
13H140036|$7,042.80
13H110116|$1,855.35
14H511088|$12,462.55
14J221290|$6,956.83
13J641093|$3,494.89
13J641114|$1.60
13J620171|$4,540.00
13J620160|$6,582.14
13J620522|$8,538.95
14J540146|$1,555.68
14J540113|$2,057.90
14J540542|$2,823.05
14J520940|$4,036.86
14J540092|$2,285.06
14J540465|$5,345.51
14J520904|$2,465.89
14J520896|$4,564.38
14J240909|$1,675.44
14J530345|$1,700.94
14J530598|$68,952.50
14J440497|$1,012.85
14J410533|$733.89
13J211081|$5,709.69
13J120275|$5,164.06
13J210503|$4,215.15
22M231031|$12,080.20
24M211792|$5,850.72
22L430653|$12,918.27
23N530323|$13,121.86
24P311196|$5,664.61
24N210983|$86.56
25O440012|$7,398.76
24O112901|$316.87
23N210131|$10,560.35
24N140583|$7,122.31
21M310517|$21,688.27
24N410523|$8,922.17
23O631313|$11,280.77
24M120663|$2,258.14
24O311186|$259.61
23M230084|$19,946.69
24N640432|$15,308.20
25M513446|$116.46
25M512940|$6,896.29
25M512984|$4,586.54
25P630032|$332.63
24N621343|$6,029.35
23M211153|$112.57
25M532399|$33.21
25N310033|$7,924.62
25M542882|$8,504.93
25M540396|$1,097.71
23N341646|$13,862.23
25M542772|$4,707.51
23M520871|$20,076.03
25M542530|$6,135.97
24N520642|$6,418.42
23M422023|$32,905.40
22N321261|$20.40
24M511399|$77.16
24M511388|$11,745.26
24N330911|$7,137.64
24O340601|$398.14
24M230553|$5,623.28
24N240528|$10,439.77
24M230214|$5,720.01
24N140271|$5,397.81
23M440618|$680.53
24N130115|$13,042.64
22M340252|$20.40
27J611484|$3,503.91
26K340694|$14,136.69
26K310334|$10,954.51
27K410303|$5,975.55
27K220036|$13,009.11
26H630692|$11,631.28
25H310425|$10,431.42
25H310416|$5,202.54
25H220766|$4,245.41
26H430140|$10,519.92
25H241455|$5,702.68
25H231591|$3,000.25
25H510230|$5,164.60
25H510836|$9,569.15
25H230758|$7,731.10
25H130960|$6,172.14
25H411616|$1,573.09
25H430857|$3,482.61
25J621997|$5,720.51
25J611569|$10,953.47
25J631248|$14,624.74
24J241088|$14,815.00
24J230707|$10,499.37
26K630281|$16,550.56
24J540178|$13,271.58
25K540266|$11,211.95
24J321102|$7,850.94
25J541444|$5,987.10
24K320412|$9,309.16
25J640488|$8,782.49
26H530341|$6,611.37
25J610151|$109.50
25H130355|$6,470.37
25J140362|$7,637.90
25J331290|$6,561.38
25J340298|$10,566.21
25J240132|$6,575.02
25J120540|$78.19
25J120144|$134.89
25K140910|$1,050.55
25J321686|$10,088.58
26J641271|$11,627.80
25K120642|$8,728.22
26J630952|$10,657.54
26J640412|$12,273.99
26J240991|$10,314.99
27J541084|$9,874.03
27J510185|$5,468.76
26J230695|$6,389.75
26H130611|$7,839.86
26J130694|$10,029.68
27J440082|$11,330.14
27J430489|$13,130.44
26J140088|$21,639.60
27J430412|$3,687.58
26J210147|$13,902.20
27J540803|$10,810.88
27J612254|$3,252.03
27K640786|$17,136.27
19M321051|$18,731.74
18K130942|$502.80
19M530259|$39,233.35
21M340116|$38,877.65
27G140858|$5,769.06
27G420505|$58.01
27G142184|$12,289.58
28H130554|$9,303.08
27G140913|$6,662.83
27H331516|$7,483.24
27G121163|$8,497.96
27G111964|$6,715.40
27H340738|$5,149.25
27H311484|$4,126.64
27H220645|$4,521.08
29H520952|$8,352.58
29H140536|$6,323.51
27H140262|$156,729.62
27G142085|$4,300.72
27G120764|$4,048.58
27G111771|$6,509.50
27G121938|$6,082.84
27H110085|$7,868.44
27G110608|$10,158.85
27H322231|$3,258.88
27J220389|$3,853.16
29H530078|$5,776.49
27H322321|$1,175.58
29H131097|$170.05
27H320516|$5,657.92
27G440471|$5,223.78
26G121993|$9,479.73
27G440314|$7,496.27
27G440372|$2,176.05
27H341571|$7,776.27
28J210811|$8,754.99
28J220016|$6,122.35
26G111837|$94,339.69
29J530965|$135.05
27G432287|$6,343.48
26H321671|$10,065.64
26G130391|$6,618.09
27H230590|$31.43
26H320443|$12,091.64
27G411255|$76.00
26H220307|$5,390.84
28J511066|$9,215.44
27J311348|$6,742.49
28H311122|$5,848.89
28H241728|$5,008.61
27G431844|$4,697.05
27G431352|$3,890.86
26G110063|$5,117.74
26H320407|$5,259.00
27H641963|$18,746.79
27H641202|$4,820.35
27G430744|$6,236.94
27G430692|$4,481.52
27G441872|$5,860.46
29J341039|$69.06
26G440030|$4,809.61
26G420450|$6,361.70
26G420441|$1,550.20
26G420131|$7,481.97
26G130344|$7,069.06
27G411431|$4,750.08
27H621833|$5,115.78
27H621622|$5,287.46
27G410742|$6,583.16
27G110231|$4,045.64
28G431782|$1,759.54
28G431078|$3,885.20
28G441198|$27,100.74
27L611349|$15,108.78
25M611313|$4,976.58
24M320351|$10,368.43
24L140527|$9,506.75
26L430604|$14,344.05
25M120781|$66.47
26M220404|$20.17
28L410336|$12,884.84
28L612439|$2,246.93
28L610217|$8,471.74
28L632239|$20.40
28L632536|$3,433.14
31M610322|$43,187.88
32M510021|$921.48
28K140715|$11,663.56
28K120597|$70.47
30L640912|$18,542.80
30L641021|$4,693.18
30L540601|$8,529.17
30L230951|$26.29
31M610593|$14,839.02
32N321004|$71.38
32M112492|$55.13
32M112461|$47.05
28L620216|$10,501.29
29J212922|$5,519.63
32J330273|$14,842.62
32J521178|$3,463.76
32J521156|$1,628.16
33J240874|$7,406.41
32J521343|$20.40
30J430342|$11,205.96
30K240584|$10,097.31
30J640372|$370.82
30H330065|$4,652.62
30H410549|$8,467.05
29J310020|$7,812.00
29J212483|$6,264.15
31H540403|$5,249.88
31H540036|$519.89
29J121798|$4,709.61
29J211657|$6,495.16
31H510464|$6,868.17
30K630974|$1,058.90
30K630938|$1,948.36
30K330083|$11,130.06
30H220551|$8,411.09
31K440958|$5,905.62
31K410087|$30,450.56
31K410120|$18,014.52
31K310406|$9,702.46
31K220361|$8,566.26
32J430692|$71.24
30H410622|$6,031.89
33H230302|$37,895.59
34H430262|$18,428.15
30J610452|$7,970.75
34K310122|$4,459.93
17K240622|$9,198.37
17K331171|$6,885.66
17J310524|$1,834.79
17K340476|$6,439.74
17K610076|$6,369.71
17J240124|$7,188.41
17J332063|$8,837.88
17J331248|$82.46
17J420052|$7,330.24
17K510031|$8,783.44
17J341412|$4,204.62
17J520646|$3,967.09
17H131902|$5,944.23
17H141435|$4,734.93
17J510867|$5,599.02
17J511165|$3,593.20
17J420953|$10,158.07
17K630580|$4,107.23
17J430017|$9,962.72
17J511275|$6,801.24
17K531007|$4,135.60
17K531238|$6,694.34
17J531635|$9,592.59
17K540852|$4,264.78
17J630954|$3,107.65
16K220322|$10,002.58
17K631426|$3,484.22
17K540711|$7,909.15
17K641151|$6,795.26
17K631570|$2,953.52
17J530601|$9,747.57
17J440775|$6,293.01
16K220355|$5,345.17
17J540903|$7,530.60
17J531217|$3,548.29
16K320598|$6,203.29
16K320923|$3,715.26
16J210281|$5,361.36
16K240825|$12,847.92
16K240962|$8,521.27
16K340402|$6,319.32
16K330498|$4,115.62
16K340741|$5,502.80
17K520205|$8,097.44
18J540029|$12,754.01
17H140674|$7,492.91
17H141710|$3,658.25
17H410023|$37.83
17H131096|$5,449.30
17H111652|$6,412.82
17H110372|$3,441.71
17H410287|$152.80
17H111827|$152.80
17H110460|$7,154.34
17H130600|$4,870.88
17H410694|$3,738.84
17J620131|$13,690.29
17J621220|$4,025.78
17J620845|$7,958.06
17J621725|$6,028.09
17J340895|$9,159.28
17J620669|$3,922.70
17J321700|$7,137.68
17J620933|$6,487.94
17J610549|$6,963.49
17J611902|$3,898.57
17J611913|$2,322.57
18J640723|$25,620.01
17J630020|$4,216.79
17J610165|$2,790.29
17J310337|$6,343.18
17J332085|$37.71
17J610495|$5,805.38
17J331028|$2,606.80
17J611858|$3,548.56
17J520097|$1,675.27
17J520976|$3,010.06
17J240487|$6,625.98
17J540743|$6,856.19
17J540369|$7,057.12
17J540787|$7,256.88
17J211414|$4,092.71
17J141731|$82.92
17J430062|$5,898.05
16J111137|$5,236.61
16J110703|$1,161.93
16J111247|$5,625.67
17J430787|$5,295.93
18J432108|$6,766.02
17J430820|$6,070.87
16J130761|$2,086.63
17K320193|$4,217.29
17K320203|$2,442.80
17K640776|$6,006.55
16K320169|$5,704.85
16K320389|$5,626.97
17K620284|$7,262.67
17K620338|$3,640.01
17K310325|$13,124.49
17K330741|$4,538.69
17K330905|$5,422.46
17K331247|$1,941.99
16K331026|$5,802.04
16K220603|$7,191.35
18K541117|$27,898.90
16K220731|$8,281.20
16K221554|$8,028.70
16K220267|$4,788.23
16J410195|$26,047.49
16K221093|$1,597.28
16J410041|$957.64
16K230080|$7,907.06
17K530912|$5,208.12
16K620304|$2,051.80
17K221171|$15,790.30
22P620544|$43,056.03
22P220704|$3,883.63
19N520226|$31,656.91
19N330344|$84.63
21O540152|$470.15
19M410458|$93.10
18L640912|$31,485.98
15M321068|$2,071.02
16M330078|$2,623.07
16M330188|$36,141.40
16L110354|$12,195.10
17K531294|$4,871.52
16L140533|$12,175.59
16K122389|$5,277.15
16K121014|$5,390.40
16K210602|$4,014.75
16L420554|$5,343.98
16L510512|$4,282.78
16K110773|$5,455.26
16L420752|$6,878.72
16K140264|$4,718.74
16K130474|$4,930.72
16K230651|$3,816.21
17M320180|$17,494.33
17L110621|$281.51
16M320552|$14,583.41
17L610954|$14,036.62
17L340024|$15,560.75
16K230794|$5,101.89
18K531305|$22,500.60
16K230695|$7,057.57
16K211821|$4,913.22
17K531139|$3,998.74
16K121951|$5,161.09
16K120833|$3,347.28
16K120301|$5,147.74
16K120651|$3,505.79
17K441270|$3,279.03
16K121971|$5,448.22
16K142057|$4,313.65
16K140671|$5,335.57
16K130210|$3,894.47
16K130122|$4,142.79
16K120453|$5,160.89
16K130111|$4,652.67
17K130723|$6,208.07
17K410216|$10,386.86
17M340531|$20,444.76
17K140199|$15,061.24
16L210168|$8,830.72
16L620095|$6,316.23
16L130101|$14,605.31
16L510293|$3,970.23
16L510303|$5,150.92
17M340562|$878.43
16M620247|$8,751.89
17H430021|$5,100.24
17H430142|$3,697.83
16J220147|$3,646.00
17J620955|$1,852.22
16J310183|$5,287.83
17H510068|$3,676.79
17J640557|$2,662.32
17H420066|$4,008.11
17H430414|$2,633.25
17J631153|$5,355.84
17H430827|$5,449.76
17H430643|$3,608.88
17H141215|$3,883.98
17H230470|$2,598.88
17J630570|$3,676.27
17J630943|$6,153.62
17H431440|$2,435.38
17H431396|$5,699.96
17H431523|$3,174.53
17H431110|$3,464.65
16J321161|$110,814.61
17H432090|$4,678.69
17H431413|$3,245.98
17H431572|$1,910.50
17H431624|$2,678.58
17H431505|$3,213.88
16H110131|$48.30
16J320281|$3,226.91
16J320357|$5,180.98
17H540753|$45.11
16J620239|$2,714.57
16J620570|$2,217.01
16H410110|$2,517.23
16H410187|$2,581.18
16H410297|$3,164.60
16H410606|$289.00
16H410844|$6,554.81
16H410743|$4,760.52
16J220323|$3,161.62
16H411166|$2,717.25
16H240072|$1,636.69
16H411311|$3,906.32
16J220611|$7,631.19
16H430525|$3,574.61
16H312232|$76.30
16H221561|$5,174.96
16H221709|$5,120.52
16H430103|$3,975.39
16H312287|$2,817.76
16J210391|$4,387.61
16H240537|$4,202.31
16J210610|$2,143.02
16H240573|$2,882.64
16H430305|$3,742.93
16H430295|$1,832.77
16H311671|$17,975.11
16H431524|$5,217.35
16H430819|$1,900.31
16H430372|$930.91
16H431533|$120.48
16H241334|$14,939.79
16H430424|$4,270.64
16H240436|$144.74
15H110022|$805.48
16H330791|$2,328.96
16H240885|$2,044.36
16H240959|$45.11
16H230123|$2,443.92
16J211051|$2,908.34
16J211138|$3,457.22
16J211084|$3,604.23
16H510287|$1,655.30
16H510320|$1,247.00
16H510375|$1,559.12
16H520077|$3,049.39
16H510452|$1,427.01
16H510562|$3,469.36
16H520431|$2,276.92
16H520770|$3,816.54
16H320332|$4,458.70
16H320273|$45.11
16H430671|$3,678.93
16H320295|$3,568.61
16H340062|$18,922.22
16H430781|$2,684.13
16H430992|$3,388.40
16H341333|$3,050.02
15H110013|$2,335.86
15H110031|$3,593.50
15H110062|$4,668.31
16J510206|$1,644.10
16J510350|$7,003.53
16J240613|$7,568.80
16J520272|$2,796.74
16J510482|$2,519.62
16J520876|$4,334.20
16J511218|$2,859.40
16J511339|$5,715.01
11H140368|$7,310.08
16H241161|$3,241.56
17H631189|$9,095.94
17H520742|$2,037.26
17H240765|$5,910.87
17H610487|$45.11
17H240105|$3,565.64
17H210991|$1,691.74
17H520944|$2,182.96
17H521332|$2,379.97
17H211000|$178.81
17H521842|$6,635.18
17H631453|$7,894.15
16H340132|$2,884.22
17H631871|$93.21
17H540643|$187.21
17H521585|$5,340.04
17H240491|$7,306.21
17H240518|$8,281.67
17H521882|$4,229.80
17H540263|$5,001.75
17H540296|$3,764.54
17H630661|$3,361.27
17H521851|$1,747.69
17H520724|$4,339.96
17H522180|$6,372.17
17H541505|$116.57
17H540373|$5,993.34
17H540845|$4,286.19
17H521651|$3,661.01
17H540087|$386.59
17H541121|$2,251.80
17H530396|$45.11
17H510842|$900.20
17H542045|$5,311.17
16H310551|$187.21
16H310230|$1,373.10
17H510705|$518.70
17H530651|$2,058.04
17H542166|$2,491.70
17H530671|$45.11
17H530275|$748.53
16H310472|$12,331.32
17H542232|$8,083.93
16H311693|$2,746.81
16H310405|$989.16
16H310414|$1,840.26
17H140986|$5,727.79
16H331314|$5,886.49
16H221064|$1,965.09
17H542504|$3,093.48
17H141774|$5,122.43
17H141783|$9,007.74
17H121781|$92.29
17H122102|$29.70
17H122087|$34.61
17H121800|$45.26
16H332423|$431.99
17H122120|$39.43
16H332414|$1,166.09
16H241242|$45.11
17H420132|$2,634.02
17H411530|$3,178.89
16H221570|$2,826.33
16H222076|$27,382.78
16H222362|$6,349.35
17H410605|$4,575.41
16H241132|$10,932.07
16H522156|$33,420.98
16H241141|$53,283.73
17H430362|$3,553.57
17H411860|$5,936.77
16H110382|$3,367.78
17J621396|$61.72
16H110618|$3,362.80
16H421011|$2,354.32
16J320601|$3,499.07
17J640568|$4,787.78
16J330356|$2,832.89
16H430075|$11,770.14
16J330477|$4,118.05
16J620680|$2,816.78
16J220280|$2,236.29
16J620251|$3,504.47
16J640701|$7,940.13
16J640260|$3,058.37
16J640172|$3,169.26
16J520041|$2,375.00
15J310137|$2,624.39
16J240842|$2,906.85
16J240134|$5,891.38
15J310913|$26,548.90
16J230410|$1,187.32
16J230135|$6,160.10
16J230740|$4,129.18
16J231246|$35,942.04
16J230234|$5,655.51
16J530226|$4,691.97
16J530248|$4,556.26
16J420073|$4,796.79
16J440501|$4,117.34
16J441258|$4,726.39
13K231099|$6,282.69
13L520662|$7,567.45
13L540484|$8,626.59
13L630431|$8,584.26
13L631223|$10,491.43
13L641376|$2,694.36
13J130010|$1,616.11
12L320065|$8,870.01
13J120633|$1,171.97
13J230088|$3,557.83
13K440297|$7,565.20
13J140152|$2,736.11
13J140415|$1,106.11
13K441331|$7,174.25
13K531696|$4,792.80
11J520486|$4,087.84
13J410170|$3,243.23
11J540132|$2,823.10
12J310244|$5,413.47
12J431354|$2,342.51
12J431365|$4,180.98
12J431475|$4,967.60
12J431705|$2,091.02
11K320164|$349.80
11J110571|$20.40
11J110982|$3,322.14
11J111121|$3,008.65
11J111440|$3,124.49
11J121021|$2,026.25
11J112045|$2,676.63
11J112177|$4,239.60
11J112089|$2,839.20
11J221000|$3,623.07
11J140123|$6,262.25
11J130306|$1,771.14
11J221198|$2,454.33
11J140084|$3,631.19
11J221303|$3,774.14
11J240052|$4,530.58
11K340773|$3,098.78
11J231175|$3,320.88
11J141517|$4,017.54
11J141481|$1,031.52
11J412048|$29,854.82
11J420144|$4,510.38
11J420412|$4,157.78
11J420210|$2,261.19
11J412037|$412.15
11J420386|$6,048.05
11J240902|$3,188.09
11J420474|$3,097.26
11J141151|$4,108.37
11J141342|$2,215.52
11J410772|$1,615.31
11J141407|$2,215.52
11K620907|$3,655.35
11J510212|$6,339.97
11J430264|$3,288.63
11J430422|$3,382.36
10K320152|$3,451.33
10J120261|$1,419.48
10J120342|$4,146.40
10J220284|$4,441.02
10J210551|$3,446.74
10J211242|$4,632.41
10K340811|$10,050.01
10K340783|$10,050.01
10J140537|$2,422.28
10J140555|$2,418.40
10J230241|$4,266.16
10J220992|$6,051.55
10J230470|$3,829.91
10J230283|$980.57
11J231670|$3,180.32
11J231726|$4,542.37
11J230460|$3,309.00
11J231313|$2,833.23
11J510621|$6,059.54
11J230965|$3,766.13
11J530090|$5,658.28
11J211782|$3,189.76
10J210432|$5,527.98
11J211573|$2,180.41
11J230727|$3,634.09
11J120273|$4,518.81
11J440263|$6,422.57
11J440102|$3,767.09
10J141031|$3,976.36
11J120965|$3,887.33
11J440483|$1,609.28
10J120672|$3,424.13
10J120700|$6,218.79
11J430110|$3,674.86
11J430862|$3,309.54
10J111395|$4,169.80
10J111111|$2,242.22
11J430594|$3,314.34
10J110086|$5,117.85
11J431034|$3,601.60
11J411454|$29,161.71
11K640330|$4,831.37
11J411520|$4,149.32
11K621906|$13,630.03
11K640484|$15,725.04
11K340553|$21,147.67
11K621300|$2,905.09
12K641332|$114.21
11K321431|$1,041.14
11K620952|$1,773.56
11K621586|$3,596.88
10K340563|$5,217.44
13K330473|$5,113.40
13K530190|$4,652.94
13K511258|$6,125.06
13K141332|$6,388.85
13K420190|$8,147.27
13K420431|$9,239.35
12K120406|$5,582.74
13K410823|$9,610.42
13K411103|$8,493.97
12K110076|$5,418.85
13L640232|$4,468.30
13L640386|$10,457.10
11J312322|$4,683.96
12H120127|$5,525.56
12H630260|$6,226.26
11J312333|$217.65
12H430400|$27,552.85
12J630498|$4,195.00
13H440648|$2,815.55
10J240233|$4,297.47
11H630292|$6,403.62
12H120365|$5,490.39
10J240040|$4,951.29
12H120668|$3,390.08
10J241162|$4,726.81
11J641101|$20.06
11H630436|$3,049.71
10J541918|$2,728.44
11J640311|$5,296.93
12H130623|$4,274.11
10J310330|$5,230.99
10J240903|$2,549.18
11J221693|$84.48
12H641073|$5,774.31
12H420490|$2,064.90
12H130751|$5,190.00
10J331175|$2,765.83
10J331164|$4,860.44
12H430181|$20,671.61
10J331296|$4,355.44
10J610036|$3,179.11
10J542012|$1,330.14
12H420353|$3,422.81
10J521013|$58.86
12H210473|$4,120.11
11J312234|$7,758.28
10H320035|$8,881.60
12H211050|$1,797.33
10H320017|$13,174.20
10H510041|$9,393.98
10H540026|$822.43
10J520733|$4,914.49
10J541880|$491.99
10J520232|$2,267.11
11J310067|$4,779.01
11H230568|$2,873.46
11J240407|$2,293.70
11J330131|$1,521.22
12H230163|$6,171.21
12H440052|$118.22
11H231613|$4,345.16
12H530858|$51.98
11J240737|$2,785.67
12J610896|$7,213.39
12H420281|$2,896.16
12H410172|$5,821.68
10J511511|$6,163.20
11J240829|$1,013.13
11J240939|$3,684.12
12J620941|$4,210.97
11J240966|$2,679.66
10J531232|$445.99
10J511102|$1,226.24
10J231680|$1,081.27
10J231644|$3,174.67
12H540051|$4,860.08
10J510934|$445.99
10J511832|$3,476.33
11H310758|$4,398.13
10J531980|$826.87
12H520765|$5,022.73
12J610335|$4,447.49
12J630704|$3,143.49
10J231240|$3,087.93
11H340265|$11,260.83
11H330750|$2,648.28
11J241020|$2,139.70
11H240312|$5,325.05
12H421172|$81.60
12G410663|$3,991.79
11H140744|$5,943.40
12J610027|$4,906.70
12J640893|$3,398.90
11H610030|$7,765.76
12H620535|$4,450.24
12J340661|$4,906.16
11H610074|$40.80
12J241616|$2,317.16
12J331090|$4,430.74
12H420582|$3,821.72
12H420362|$2,372.70
10J311221|$3,032.26
11H210117|$5,464.65
12J241212|$2,394.54
12J241142|$2,111.55
10H530373|$5,863.36
11H240862|$4,679.21
12H410114|$5,750.23
12J240974|$3,358.75
11H231530|$5,978.97
11H231512|$4,320.05
11J340745|$5,710.30
12J340818|$3,855.79
11J312267|$3,230.38
11J610280|$2,324.65
12H131282|$7,656.66
12J330211|$4,894.54
12H131017|$4,653.89
12J340607|$4,593.50
12J330022|$2,773.09
11J321243|$36,300.88
11J320725|$4,276.68
11J311310|$9,076.71
11H410115|$8,460.05
11J311398|$232.49
11H521426|$4,615.24
11H520454|$3,532.48
11H520391|$6,911.64
11H530556|$14,334.23
12J330891|$3,401.95
12J330660|$3,395.39
11H520629|$3,866.36
12H541391|$8,623.99
13H530084|$2,046.61
13H511241|$4,351.04
13H540243|$3,782.36
13H540281|$3,056.79
13H540537|$5,333.31
13H540564|$683.58
13H540858|$700.24
11H310767|$4,802.32
11H210575|$8,295.10
12J630894|$3,340.43
11H530859|$8,524.84
11H320171|$6,111.28
12H130678|$66.10
12J330682|$2,747.83
12H211380|$4,424.79
12H211436|$17,448.70
12H210262|$3,150.37
12H210309|$3,377.09
12H220319|$1,356.92
12H220410|$3,856.12
11H530125|$7,355.35
12H221501|$3,230.96
12H210501|$7,169.34
12H220539|$1,045.45
12H210620|$6,030.44
12H210510|$840.60
12H220814|$1,025.45
12H220887|$2,844.50
12H221042|$572.40
12H221033|$1,854.75
12H221235|$3,002.09
12H221093|$694.08
12H221161|$1,808.09
12H221473|$4,766.68
11H320218|$7,732.81
11H230632|$4,947.02
11J620951|$6,228.99
11H220796|$79.12
12J340010|$1,524.25
12J321046|$2,790.89
12H130449|$4,773.41
12J631136|$3,025.70
12J630014|$8,663.52
12J321013|$3,080.37
13H631305|$1,340.62
13H630883|$1,059.49
13H541095|$2,463.98
13H540472|$4,728.77
11J520101|$2,610.75
11J330441|$563.62
11J240865|$3,482.31
11J241075|$3,274.06
11H440457|$6,750.82
10J220174|$4,676.30
11J520475|$2,221.49
12H540813|$3,618.18
12H540648|$3,197.84
12H630206|$4,862.83
10J221164|$3,333.67
11G241228|$4,244.47
11F131061|$3,123.82
11F130613|$3,304.70
11G240494|$4,043.43
11G140853|$3,723.29
11G240531|$3,996.78
11F420361|$2,928.93
11G330410|$6,178.87
11F410122|$8,457.02
11F420655|$5,791.91
11G340567|$4,922.98
11F420206|$2,523.64
11F420682|$2,328.71
11G510012|$4,045.25
11G241136|$3,722.74
11F420293|$6,292.35
11F421063|$3,897.86
11F510581|$2,175.06
11G510151|$3,996.69
11F411240|$3,976.26
11G520251|$1,650.09
11F510341|$11,173.73
11F510394|$4,897.75
11F410508|$2,436.38
11G510324|$3,210.60
11G520545|$40.40
11F510745|$3,367.10
11F510891|$2,880.14
11F511032|$2,505.30
11F421382|$3,928.13
11F410791|$2,762.53
11G510393|$2,885.62
11F511054|$2,612.12
11G610415|$523.51
11F421443|$4,890.98
11F421425|$866.54
11F511973|$134,997.87
11G610543|$4,239.06
11F421535|$5,752.97
11F410920|$7,015.85
11G421150|$40.40
11G520600|$4,602.36
11G520646|$3,699.32
11G440025|$6,666.92
11F511432|$1,932.37
11F421892|$1,283.54
11F422174|$3,862.66
11G521627|$1,308.10
11F422020|$1,599.39
11F421993|$331.16
11G610901|$4,133.81
11G521470|$2,934.20
11F531966|$5,059.95
11F440143|$4,314.43
11G530094|$5,305.43
11G520884|$3,511.23
11G521672|$4,125.17
11G521351|$3,932.41
11G521241|$2,782.60
11F440547|$580.10
11G521580|$6,068.61
11G630215|$3,071.50
11G521407|$887.21
11F440491|$5,459.00
11G530252|$3,419.30
11F442084|$2,971.57
11G440153|$3,942.13
11G540170|$3,600.12
11G530281|$4,829.42
11F440822|$4,974.47
11G530353|$1,327.35
11G530216|$5,395.10
11F441193|$2,946.80
11G630509|$3,280.91
11G430033|$3,607.99
11F441490|$1,991.97
11G630563|$1,575.92
11F441546|$4,539.03
11G620283|$4,406.24
11F530271|$7,063.24
11F430261|$5,466.55
11F530334|$3,659.77
11F530417|$2,950.95
11F430472|$6,929.99
11F530453|$1,788.34
11G441253|$8,241.01
11G430510|$8,954.85
11F530545|$2,492.32
11G540950|$3,743.93
11G530481|$8,592.18
11F430702|$3,950.99
11F430748|$7,908.80
11F440794|$1,025.43
11F430803|$8,231.39
11F431022|$7,895.42
11F530783|$4,965.54
11F531003|$3,406.37
11F431062|$5,418.53
10F120301|$5,692.91
11F531131|$4,817.82
10F120402|$1,630.88
10F120695|$6,345.10
10F122033|$5,631.23
11F441564|$1,633.75
11F442150|$637.07
11F442161|$637.07
11F431619|$3,126.64
11F442172|$637.07
11F441904|$1,401.56
11F441940|$5,148.51
11F531737|$3,696.01
10F110126|$5,301.62
10G110484|$11,077.87
10G210520|$7,815.22
10F110070|$4,760.95
10F120172|$5,463.00
10F120383|$3,694.29
10F120686|$4,569.88
10F120750|$3,504.80
10G220604|$772.55
10G220714|$4,361.42
10F121070|$5,995.55
10F121025|$1,207.59
10F121227|$3,875.05
10F110933|$8,641.40
10F121391|$6,522.50
10G320474|$5,091.30
10F121511|$6,181.05
10F121355|$3,937.20
10F122006|$4,232.00
10F121960|$4,576.96
10G240248|$7,175.68
10F140073|$2,522.05
10F111262|$5,329.46
10F140248|$2,527.38
10F111309|$5,825.17
10F130706|$7,603.24
10F140220|$20.40
10G230788|$10,548.11
10G340485|$7,910.85
10F141210|$2,817.75
10F140523|$2,635.05
10F140853|$3,924.06
10F130641|$1,508.20
10F140954|$4,681.44
10G341118|$6,454.37
10G341053|$9,570.31
10F131200|$10,038.37
10G341145|$9,039.23
10G341163|$6,083.93
10G520748|$1,412.18
10G420363|$9,065.38
10G620646|$7,436.88
10G620619|$6,529.63
10G520610|$9,221.94
10G511562|$8,311.56
10F410729|$6,328.88
10G610425|$5,700.11
10G640181|$10,050.09
10G410317|$16,460.16
09G320256|$5,505.72
09G310246|$8,190.44
09G310280|$9,065.66
09G320621|$8,471.20
09G320762|$7,727.54
09F111941|$5,849.56
09F130056|$5,433.92
09G340089|$6,751.07
09G340397|$5,799.41
09F111576|$3,897.18
09F130562|$6,580.97
13G630819|$2,781.38
10G410292|$10,384.57
11G110126|$4,453.08
10G130055|$6,419.82
10G110466|$8,668.36
10G130578|$40.40
10G140212|$5,811.26
10G110154|$8,190.91
11G430419|$5,630.86
11G120374|$4,495.18
11G430244|$5,799.44
11G420094|$7,145.91
10G421193|$527.37
10G421261|$527.37
10G421207|$511.64
10G141569|$547.46
10G421216|$537.47
10G141550|$547.46
10G421225|$547.46
10G141541|$501.60
10G421234|$557.53
10G141532|$544.54
10G421243|$501.60
10G141523|$547.46
10G421252|$537.47
10G141514|$476.50
10G141505|$544.54
10G121053|$9,206.61
10G141055|$9,092.51
11G420830|$4,990.58
11G440474|$8,566.70
12G441555|$4,341.73
12G440767|$4,482.76
10G510183|$7,805.21
10G530116|$7,087.22
10G510637|$4,936.66
10G230393|$8,862.00
13F120160|$3,339.73
11G220245|$4,635.88
13F140612|$2,591.61
11G220355|$6,836.14
11G240412|$3,413.78
11G221327|$4,971.85
13F140667|$3,005.58
11G240292|$4,108.61
13F141051|$3,326.43
13F110370|$1,437.40
13F110271|$5,250.85
13F110282|$6,563.44
10G220109|$5,651.55
13F140924|$3,255.54
13F110590|$5,589.98
13G321294|$3,535.53
12G620543|$7,974.75
13G321085|$10,345.74
12G620240|$4,005.04
11G610332|$4,192.00
13F131409|$3,325.52
13F420097|$2,634.58
13F130840|$6,637.43
13G320994|$6,161.16
13G321223|$3,424.88
13F131849|$3,771.91
13G321030|$3,914.94
13G321041|$4,532.20
13F131308|$7,367.71
13F420152|$6,186.55
13F420314|$5,209.78
11G620151|$4,647.00
12F410350|$6,746.37
13F420507|$4,958.88
13F420086|$6,134.83
13G321012|$2,508.15
12G620581|$4,894.85
12F410213|$6,323.29
13G341573|$79.61
13F410331|$4,047.54
13G340749|$3,511.85
10G310152|$9,818.10
13G330151|$3,854.43
11G340860|$480.42
11F110226|$3,086.20
10F110144|$7,534.02
13G340987|$4,974.86
13G620102|$22,193.63
09F520798|$9,734.21
11F130301|$2,037.51
10F111217|$462.38
11F120328|$7,778.69
11F120548|$7,749.54
11F130411|$1,067.13
10G640116|$6,738.85
11F130466|$2,351.05
10G620325|$9,991.32
10G640501|$6,358.66
09F120613|$6,650.09
13G610101|$3,897.68
10G341329|$7,845.77
13G620405|$5,456.67
13G331161|$4,941.93
13G330638|$3,464.51
11F141365|$43,558.79
12F530195|$7,075.26
11F141594|$1,165.49
11F140889|$6,935.58
11F420062|$25,301.21
11F420095|$7,016.73
10F430721|$8,652.45
13G610066|$5,518.17
13G611023|$554.83
13G611089|$5,827.87
13G331215|$5,894.97
13G331251|$4,416.32
13G330995|$5,058.23
13F430865|$6,119.69
13G610473|$2,431.39
13G631340|$8,570.00
13G630251|$6,885.06
13G610615|$4,223.12
13G630910|$2,565.93
13G611311|$4,113.79
13G611331|$5,836.62
12F110182|$6,469.73
13G630042|$3,775.39
12F110564|$5,162.06
11F511982|$11,546.13
13G241024|$3,582.74
11F510947|$3,992.70
12G321471|$417.24
13G520053|$4,987.38
13G520262|$1,815.23
12G310251|$4,055.20
12G310105|$2,489.07
12G240273|$7,593.15
13G630424|$7,044.78
11F531773|$5,130.64
13G630185|$7,487.07
09G320092|$5,539.49
13G241060|$3,570.23
13G540141|$6,061.98
13G520361|$4,630.59
12G310282|$3,732.78
13G241082|$4,289.33
12F110986|$6,390.24
12G310480|$1,369.23
12G310435|$4,938.53
13G540051|$7,822.57
09G321389|$7,878.38
13G520121|$4,873.37
13G230996|$4,793.67
13G520213|$4,931.78
13G540084|$3,439.86
09G320502|$6,234.60
13G521263|$1,804.74
13G520736|$4,595.72
13G510054|$3,691.59
09G320841|$8,630.37
13G511363|$93.91
13G510625|$7,120.99
13G230950|$2,402.75
10G640730|$10,021.32
13G510221|$6,744.94
12G241034|$1,085.11
12G241043|$1,085.11
10G640886|$9,961.54
12G241070|$1,125.87
12G241052|$1,085.11
13G520763|$3,031.58
12G241061|$1,139.48
11F520481|$6,348.36
13G521340|$682.33
13G521032|$3,573.41
13G521043|$2,449.71
12G220583|$3,243.53
13G541104|$4,324.26
12G240017|$948.00
12G220327|$3,878.96
13G540095|$97.90
12G520012|$5,624.91
09G330035|$8,716.50
13G530241|$2,832.20
13G531196|$120.42
13G531204|$10,171.95
09G330541|$9,035.07
12G211084|$2,161.26
12G241144|$228,030.27
12G240411|$5,686.43
12G510020|$6,384.98
13G531141|$491.61
12G230410|$6,867.40
13G510533|$4,304.04
12G230290|$3,077.27
09G341123|$9,616.16
13G420746|$3,137.79
12G210849|$5,058.77
12G210445|$6,332.93
12G121024|$1,420.58
12G210775|$4,491.01
12G120768|$7,705.33
12G120988|$7,349.47
13G631098|$1,126.62
10G530253|$16,114.99
12G120227|$7,005.35
12G410085|$8,212.69
10G410711|$253.08
10G410702|$253.08
10G410757|$234.01
10G410683|$253.08
10G410674|$273.08
10G410665|$253.08
10G410638|$261.58
10G410629|$238.25
09H620931|$2,253.66
13G640746|$5,040.09
13G640214|$4,771.15
15G540617|$2,427.20
14G220600|$2,191.50
14G140731|$6,734.81
14G220361|$2,699.09
14G220976|$3,779.26
14G220518|$1,921.55
14G220619|$3,043.65
14G221074|$1,111.11
14G221261|$3,368.73
14G220811|$4,260.57
14G221294|$1,461.35
14G221306|$5,219.57
14G141170|$3,266.09
14G221315|$3,947.45
14G222011|$4,960.46
14G211222|$3,332.59
14G230115|$7,488.75
14G221085|$2,086.33
14G141327|$5,478.23
14G221407|$3,119.28
14G211314|$3,513.72
14G221122|$4,562.83
14G222460|$3,778.30
14G232113|$1,905.75
14G221782|$1,534.76
14G230171|$4,062.90
14G420222|$3,304.48
14G420284|$3,686.01
14G221801|$1,926.00
14G222112|$3,518.08
14G240152|$4,275.97
14G420372|$4,365.28
14G221874|$3,434.94
14G222031|$2,094.35
14G240336|$2,477.22
14G240592|$4,172.80
14G222141|$2,150.47
14G242792|$4,058.66
14G240327|$2,309.43
14G240015|$2,560.60
14G420525|$4,538.04
14G330013|$1,541.60
14G240684|$5,342.55
14G240419|$468.73
14G420662|$4,544.64
14G240318|$971.24
14G242316|$2,942.52
14G242392|$4,136.74
14G330161|$2,012.57
14G240529|$4,639.14
14G242435|$1,992.57
14G330215|$2,722.63
14G241160|$3,008.84
14G241362|$2,491.45
14G241436|$1,011.14
14G241216|$804.10
14G330282|$115.35
14G330361|$124.69
14G330392|$4,237.60
14G330536|$2,360.95
14G241683|$2,140.99
14G330480|$2,474.96
14G241591|$2,906.37
14G241665|$1,332.18
14G330839|$4,376.39
14G330563|$2,380.93
14G242084|$4,486.35
14G330590|$2,834.43
14G330756|$4,292.78
14G330848|$3,016.58
14G242426|$4,150.20
14G520946|$5,167.86
14G530011|$2,057.67
14G610034|$2,053.42
14G520384|$1,650.51
14G610199|$4,314.61
14G522199|$2,779.24
14G331470|$5,070.77
14G610298|$1,573.82
14G331517|$4,106.39
14G530213|$3,730.75
14G522045|$433.33
14G530305|$4,381.08
14G520670|$3,396.59
14G520414|$4,692.22
14G521422|$4,412.86
14G520571|$1,529.55
14G440756|$2,387.25
13G110151|$3,791.81
14G331544|$5,482.23
14G520692|$20.40
14G520643|$3,584.97
14G610724|$2,319.91
14G610375|$4,519.47
14G610210|$2,325.68
14G530882|$3,439.26
14G520982|$3,712.07
14G610760|$3,370.27
14G521341|$2,873.04
13G110292|$3,007.22
14G531506|$4,795.45
13G120381|$4,771.43
14G611310|$4,254.12
13G121072|$3,733.51
14G531212|$2,627.00
14G612234|$2,576.70
14G611123|$2,358.26
14G611552|$2,245.00
14G611332|$2,276.61
13G130346|$3,142.60
13G121380|$3,846.68
14G611402|$3,003.47
14G611604|$2,312.03
14G611893|$3,535.02
13G210893|$6,541.81
14G611277|$7,375.46
13G210293|$5,656.30
14G610771|$1,133.03
13G120730|$7,739.48
14G611343|$1,804.49
13G210426|$2,438.38
13G210206|$2,751.09
14G611981|$2,070.78
14G611882|$483.15
14G612223|$11,720.81
14G620341|$3,466.48
14G630010|$3,036.14
14G611497|$2,366.17
14G611815|$2,529.99
14G630197|$3,446.56
14G612344|$3,060.68
14G630285|$3,251.28
13G140705|$3,821.08
14G611512|$5,231.17
14G630322|$5,774.52
14G630461|$3,714.31
13G211012|$769.15
14G612036|$3,039.94
13G220784|$1,941.08
14G612191|$468.73
14G620303|$3,933.20
14G630153|$3,073.06
14G620583|$4,039.38
13G220913|$2,098.74
14G630494|$3,419.32
14G630946|$1,496.80
14G632311|$3,203.57
14G632412|$2,302.16
14G630142|$4,083.79
14G632430|$6,508.45
14G620660|$1,785.33
13G420104|$4,319.00
14G630771|$5,520.05
14G631264|$1,997.14
14G620743|$17,588.48
14G640097|$3,245.02
14G631495|$5,483.55
13G211663|$3,228.53
14G640323|$2,621.46
14G640372|$3,668.70
14G640196|$2,389.08
14G640451|$3,466.82
14G632342|$26,324.60
14G631055|$1,651.33
13G311516|$1,771.57
13G311662|$1,660.82
14G641197|$4,318.82
13G310382|$22,427.17
13G310461|$1,792.60
14G640837|$1,534.88
13G310342|$4,707.54
13G320084|$2,549.70
13G310571|$2,737.96
14G330747|$6,903.32
15G540507|$3,884.72
15G540819|$2,969.30
14G610056|$5,281.25
15G540772|$3,126.74
15G540471|$2,981.93
15G540323|$12,599.58
14G330729|$5,611.46
14G640273|$14,155.63
15G540626|$3,469.17
14G631624|$12,753.28
14G631761|$31,238.05
13G311846|$21,640.40
14G241913|$4,313.27
14G230261|$3,523.95
14G540416|$2,902.82
14G540773|$1,880.89
14G521615|$3,131.86
14G540782|$4,687.97
14G541608|$3,015.54
14G232052|$1,987.83
14G510187|$2,745.13
14G540113|$4,934.61
13G220072|$1,392.98
14G230500|$3,818.42
14G540131|$4,411.88
14G511034|$1,875.28
14G540195|$3,389.94
14G230601|$4,653.34
14G231435|$4,283.61
14G231765|$5,080.61
14G540283|$5,418.83
14G510341|$4,976.19
13G220391|$1,545.90
14G540737|$3,814.12
14G511816|$2,715.93
13G220894|$2,446.23
14G510880|$4,595.62
13G222205|$2,850.22
13G220591|$3,117.62
14G541295|$2,840.00
13G220555|$2,600.50
14G510523|$1,163.81
14G510826|$4,609.17
14G230665|$4,598.31
14G511111|$5,948.74
14G140191|$4,735.48
13G220995|$4,795.25
13G220151|$2,304.42
14G140281|$3,339.73
13G220885|$2,799.86
14G231114|$6,851.39
14G231132|$3,122.45
14G231747|$1,703.57
14G541592|$2,686.91
14G231600|$5,362.68
13G221095|$2,592.62
14G231628|$4,654.13
14G510088|$3,026.64
14G140805|$4,520.94
14G140823|$4,666.47
13G221912|$2,559.76
13G221480|$3,227.55
13G220582|$3,202.04
13G221031|$7,901.05
14G530383|$2,297.86
14G531661|$2,948.59
14G530516|$2,731.24
14G530983|$3,759.28
13G211104|$2,871.10
14G531065|$5,064.58
13G211131|$5,575.87
14G530718|$2,846.12
14G531142|$2,452.68
13G210563|$4,003.17
13G210361|$2,244.02
14G530372|$3,301.04
14G531423|$3,672.74
13G241538|$12,680.63
14G530433|$1,899.96
13G210655|$1,845.22
13G210013|$4,603.89
14G530800|$2,307.25
13G210756|$2,103.92
13G210792|$2,645.96
13G211250|$1,948.46
14G440123|$3,012.62
14G531164|$2,439.26
13G212020|$4,191.82
13G211371|$4,505.73
13G211425|$1,766.11
13G212152|$4,270.40
13G212141|$4,984.78
13G231546|$974.38
13G231481|$7,187.99
13G231638|$21,756.20
13G231500|$2,675.75
13G230556|$3,823.58
13G140466|$2,616.10
13G121335|$2,493.30
13G230794|$3,772.59
13G121371|$4,746.32
13G230703|$5,601.38
13G231591|$10,768.54
13G110032|$4,456.80
13G141502|$4,250.46
13G141988|$1,803.33
13G240171|$1,781.25
13G221774|$3,155.84
13G231032|$4,636.49
13G221691|$3,466.53
13G240245|$2,856.65
13G240337|$3,654.77
13G311086|$1,520.52
13G510560|$7,777.73
13G311240|$3,355.52
13G240575|$2,950.85
13G240960|$5,874.86
13G330225|$4,664.38
13G320417|$2,586.17
13G340192|$6,630.03
13G340280|$3,029.04
13G340464|$9,662.11
13G341308|$9,652.05
12G220042|$87.82
13G340217|$4,884.33
13G610505|$5,992.11
13G610033|$1,995.20
13F110912|$3,207.54
13F130060|$2,195.68
13G611496|$3,644.80
13F110994|$1,376.21
13G620111|$5,318.60
13G610909|$4,958.29
13F110820|$6,441.20
13F140474|$3,748.87
12G320821|$5,152.73
12G321105|$6,089.78
13G631296|$5,661.37
13G530261|$6,210.79
13G630493|$3,257.58
13G630103|$7,843.16
13G620296|$6,302.79
13G540875|$2,673.32
13G641372|$4,431.68
13G530416|$1,432.69
12G310062|$3,809.85
13G530746|$70.82
13G541492|$107.73
13G620872|$3,887.60
13G640517|$6,722.32
12G320573|$7,874.32
13G620818|$7,229.80
13G640580|$2,293.73
13G541553|$134.56
13G631065|$3,469.69
12G310084|$1,595.74
13G620890|$6,999.98
12G310215|$3,450.80
13G631186|$4,053.32
13F410212|$2,936.12
13F131610|$860,326.91
13F131207|$3,186.10
12G320913|$5,445.79
13F421616|$614.39
12G321062|$4,819.13
13F430663|$6,999.47
12G120290|$6,273.26
13F411286|$10,127.10
12G210335|$5,431.38
12G210362|$12,225.64
12G340337|$6,713.83
12G340658|$6,976.13
13F140841|$623.39
12G210638|$1,149.44
13F421432|$5,184.38
13F421450|$3,431.81
12G120731|$5,252.49
12F130209|$4,714.88
12F130236|$5,487.48
12F110362|$8,993.61
13F541086|$19,796.60
13F541011|$80,784.38
12G140724|$2,999.12
12G420073|$4,176.90
12G420062|$2,836.89
13F530882|$492.99
13F540865|$7,076.79
13F520515|$6,469.84
13F521176|$4,214.92
13F510963|$7,049.33
13F530471|$6,793.08
12G610087|$8,224.58
12G520241|$6,634.58
12G440071|$4,576.62
12G440280|$6,741.64
12F120895|$483.02
12F120886|$8,237.24
12F510762|$7,058.06
12F530021|$6,823.05
11F121592|$4,681.07
12G540638|$3,621.25
12G630104|$6,073.84
12F530508|$5,124.43
12G430867|$3,821.66
12F530571|$7,169.80
12F530526|$5,086.52
12G640215|$1,428.51
12G640224|$5,656.67
12F420030|$43,940.72
12G440703|$6,247.78
12F420074|$3,715.01
11G210482|$4,535.42
11G120338|$5,193.14
11G320703|$5,128.69
11G220850|$6,819.44
11G210859|$5,823.74
11G220951|$8,533.55
11G120585|$5,257.58
11G120668|$4,921.22
11G220566|$7,828.59
11G110520|$5,727.75
11G211050|$5,542.01
11F121455|$8,524.13
11G310454|$4,014.56
11G310647|$3,462.00
11G310775|$7,540.29
12F430095|$21,340.70
11G320464|$4,522.25
12F430435|$34,577.11
11G330043|$4,830.22
11G310830|$5,100.03
11G330034|$4,712.02
11G330052|$4,718.75
11G340044|$2,596.64
11G330070|$3,854.27
11G130063|$6,365.94
11G230172|$8,819.66
11G140459|$3,773.02
11F130952|$22,522.02
11F140595|$7,124.93
11F241135|$804.98
11F140696|$6,395.82
10D211214|$5,167.21
13F620088|$7,876.28
11E240135|$18,445.77
11E230280|$5,146.88
11E230336|$4,454.77
11E240410|$4,552.58
11E331325|$11,452.97
11E330182|$4,459.52
11E340318|$4,340.13
11E230501|$9,036.40
11E240906|$1,952.73
11F620361|$7,635.25
11E330537|$1,106.98
11E230712|$4,150.24
11E510753|$9,336.09
11E241116|$7,302.10
11F610827|$3,928.34
11E510054|$2,541.89
11F621021|$6,008.54
11E241390|$6,485.96
11F610854|$3,899.49
11F630030|$4,764.90
11F540115|$7,017.77
13F620066|$4,288.57
11E410482|$5,145.53
11E410653|$4,505.48
13F620055|$7,543.03
11E510955|$3,940.57
13F610504|$4,310.70
11E430471|$4,204.32
11F640161|$4,451.72
11D410102|$3,125.72
11E430701|$2,338.96
11E610321|$5,024.92
11E440317|$4,491.77
11F640857|$6,122.34
11E540073|$4,888.65
11E611430|$4,991.44
10E110217|$4,049.09
11E540282|$8,165.11
11D430030|$3,280.98
11D420112|$2,926.11
10E110794|$8,692.40
11D430205|$3,985.51
10E220181|$6,150.57
10E120786|$242.60
10E220794|$5,293.95
11E631065|$3,521.13
11D430984|$4,509.43
13F630065|$6,474.03
10F321391|$4,540.55
11E641680|$6,572.10
11E631010|$4,501.00
11D510044|$815.00
10E130576|$5,440.52
10E130503|$6,615.32
11D530042|$5,501.44
10D140136|$8,155.93
10D120042|$7,460.54
11D530251|$3,778.66
11D530240|$5,578.31
11D431424|$4,321.09
10D110032|$2,762.91
10D210206|$4,242.62
10E510251|$5,831.03
12F320293|$5,610.12
10E420150|$2,901.40
10D210930|$2,725.18
12F320462|$7,945.62
10D240319|$7,671.40
11D440215|$20.40
11E110555|$40.17
10E111023|$6,059.04
13F630153|$8,843.44
11E130492|$4,478.66
11E411098|$6,180.71
10E110730|$2,045.63
12F641075|$9,437.74
12F610132|$7,060.03
13F610056|$6,812.60
12F330243|$7,588.91
10D211591|$2,705.18
11E340093|$7,187.59
10E111061|$18,512.02
10E330758|$7,691.37
10E220666|$13,440.01
13F540883|$8,304.59
13F540470|$7,998.00
11E320949|$5,084.38
10D211425|$6,152.74
11D440554|$3,969.63
11E320774|$6,372.57
11E530902|$396.59
11E530911|$151.83
10E510231|$4,352.71
11D441104|$6,124.10
11F610098|$4,773.44
11F631442|$8,249.78
10D230363|$3,980.25
11F610818|$4,693.02
10D211728|$4,611.36
10D211461|$4,987.84
10D121014|$1,365.19
12E430096|$6,469.65
11D110132|$108.40
11D410827|$3,372.38
11D440866|$2,461.10
11D411187|$5,345.35
11E320664|$6,432.21
10D120877|$7,057.74
11E340446|$3,809.97
11E340082|$4,344.27
11D441461|$5,548.51
11D441214|$2,944.22
11E310764|$25,707.04
11E330391|$4,320.97
11E330326|$5,660.71
11E621396|$4,396.71
12E640053|$6,014.69
11E311002|$896.84
12E640064|$5,996.19
11E620735|$6,429.74
12E630845|$4,606.09
11E330142|$3,801.01
12E631055|$4,678.90
11E620780|$4,705.47
12E630472|$5,450.38
12E630890|$5,208.84
12E630285|$6,043.37
12E630304|$3,060.85
11E620032|$6,221.15
11E621781|$5,127.87
11E621594|$5,693.54
11E221095|$5,162.38
12E610166|$4,646.13
11E220050|$2,943.09
11E241372|$6,126.49
12E540957|$3,910.97
11E220968|$6,203.92
12E520221|$6,217.30
12E520043|$2,572.02
11E620818|$2,008.71
11E621495|$2,443.55
11E620285|$4,274.34
12E540434|$6,342.06
12E520263|$3,344.61
11E341115|$3,300.04
11E220182|$3,905.90
12E540700|$2,841.58
11E640416|$7,206.19
11E220207|$4,098.10
11E640700|$6,139.76
11E331051|$4,366.71
11E640911|$5,492.03
12E541097|$2,844.57
12E540074|$3,013.03
11E611504|$4,493.74
11E611090|$3,796.43
11E611311|$1,514.81
12E510132|$3,282.42
12E510165|$4,715.52
12E230142|$5,450.71
12E510484|$5,052.87
12E230409|$1,591.86
12E230418|$1,090.40
12E230445|$5,093.13
12E230463|$754.55
12E510231|$11,672.92
12E510242|$755.86
11E210682|$7,186.65
12E531142|$9,300.80
12E530451|$4,649.90
12E530064|$7,399.25
12E420295|$174,771.80
11D130381|$1,800.56
11D140081|$878.54
11E230877|$40.40
13E440041|$408.12
13E440074|$7,258.70
12E120371|$9,404.29
13E430819|$7,506.35
12E110600|$6,775.39
13E430103|$616.02
11E511022|$2,767.20
13F610320|$5,354.20
13F610463|$6,129.57
13F630483|$5,987.49
12F320426|$5,765.24
12F320646|$5,308.23
13F630607|$5,635.87
13F631099|$8,028.16
12E130208|$5,963.58
11E511110|$4,535.89
12F331172|$1,017.32
12F330803|$5,388.74
12E410076|$1,646.96
12E420011|$4,438.99
12E430122|$1,885.97
12F630790|$6,110.11
12F640719|$7,753.55
12E631154|$5,457.63
12E630753|$3,278.86
12E630744|$10,066.00
11F320317|$6,635.94
12E630946|$3,091.69
12E640273|$5,610.83
12E540847|$2,882.64
12E540911|$4,901.54
12E640213|$3,543.97
11E320271|$3,600.27
11E320392|$11,527.66
11E220124|$3,640.57
11E320361|$5,935.28
11E320646|$3,035.61
11E221123|$786.49
11F330363|$8,461.28
11E310719|$3,995.64
11E320747|$4,629.08
11F330042|$6,843.23
11E210893|$5,072.54
11E310645|$2,235.73
11F330437|$7,944.08
09D440050|$5,127.69
09D440061|$2,962.53
08D110367|$6,363.53
09D440203|$8,145.25
09D410657|$6,830.08
10E530370|$7,447.08
08D110400|$5,573.38
09E220158|$9,024.52
09E320720|$1,976.54
09E320711|$1,976.54
08D111258|$5,667.67
09E140386|$11,203.40
09E240079|$4,796.81
09E310039|$10,340.33
09E310028|$11,465.46
08D110950|$3,114.46
09E310897|$13,730.00
09E240604|$6,541.20
09E310150|$3,947.36
09D120367|$5,699.53
09F610251|$8,462.82
09E640293|$5,456.52
09F610349|$7,487.94
09D130498|$3,022.16
09E610780|$3,427.07
09F640050|$8,080.90
09D130652|$4,654.15
09D410064|$4,868.98
09E622055|$5,090.03
09F621031|$5,152.77
09E610955|$8,777.51
09D340082|$7,715.25
09D520240|$7,381.77
08F310932|$17,119.92
09D530403|$6,038.80
08E110621|$5,306.88
08F310181|$42,071.08
08E310324|$49,079.85
08E310830|$4,486.39
08E321126|$3,142.41
08D120432|$6,530.10
08D120542|$4,902.31
08E330168|$4,588.72
09E640589|$3,590.41
08E410226|$7,480.62
08E410336|$7,448.93
08E340750|$10,519.60
08D230511|$1,235.73
09E620822|$4,763.09
09E620064|$4,351.98
09E340401|$3,849.76
09E620833|$5,324.71
08D420138|$179.19
09E640194|$3,718.84
08E440102|$13,885.83
08D422273|$271.84
08D410492|$228.24
08E320565|$4,285.46
07E210498|$3,575.67
08E610943|$5,186.01
08E540301|$9,469.05
08E320587|$1,067.53
08E630204|$5,882.19
08E611252|$5,873.12
08E630150|$4,545.31
07E110178|$6,453.97
07E210531|$4,452.16
07E210070|$7,923.33
07E240286|$344.33
07E230331|$9,966.15
07D410084|$8,686.53
09E330433|$8,023.51
07E330145|$9,061.97
09E330763|$10,598.66
09E330389|$9,478.68
08E310083|$6,490.92
08E311204|$6,803.49
08E310841|$20.40
08E630293|$7,528.25
09E520557|$4,797.55
09E541831|$4,854.21
07E230605|$8,319.02
08E230475|$101,931.76
09E120081|$1,425.14
09E120069|$1,646.51
09E130057|$4,640.05
09E110169|$7,580.49
09E430270|$1,761.01
09F340134|$10,371.69
08E410084|$6,383.06
07E430443|$12,148.01
08F320366|$9,046.94
08E440081|$18,826.27
08D141411|$281.20
08D420963|$168.90
09D110270|$11,642.39
08D120410|$17,957.58
12J241551|$1,977.10
12J521224|$544.85
12J440404|$427.58
12J431301|$5,384.70
12J441991|$39.53
11J221660|$7,161.85
11J210404|$5,415.91
12J530398|$420.27
12J510312|$2,190.41
11J210264|$70.29
12J530497|$395.27
12J512161|$417.82
12J530123|$2,354.59
12J530402|$54.49
12J531597|$390.06
11J210286|$97.21
11J210211|$64.30
12J441623|$423.34
11J120251|$836.79
17M530213|$1,967.60
17M530181|$41,423.36
17P520288|$13,711.59
16P141545|$52,885.03
17Q640495|$9,980.82
17M130044|$16,087.95
17N140185|$29,770.59
17P540202|$13,442.21
16P120654|$29,062.91
21J630452|$11,384.30
21J630090|$8,839.45
21J520056|$9,699.78
22J511675|$1,111.14
21J520944|$14,630.75
21J520881|$13,355.86
21J210661|$7,151.05
21J140083|$15,108.90
21J532343|$7,210.51
21J140094|$338.84
21J512345|$6,327.03
21J440424|$11,940.62
20J120334|$11,568.58
20K143172|$9,308.67
20K141950|$158.82
20K220084|$10,390.49
21K120857|$11,759.09
20K142784|$9,204.02
21L640020|$15,046.77
16N321211|$8,991.35
16M120624|$8,592.72
16M141670|$7,551.61
16M111684|$4,551.48
16N440033|$12,945.07
16N430485|$16,078.20
16O210909|$9,484.45
16N140315|$7,271.11
15O110323|$10,381.19
15P520826|$2,419.59
16P521596|$4,755.39
16P520991|$5,495.15
16P520199|$10,825.72
16O341010|$5,671.48
16N510334|$16,327.20
16O510685|$13,573.00
15N140150|$8,689.58
15O140243|$68.66
16N340582|$13,075.81
